Handle,Title,Body (HTML),Vendor,Product Category,Type,Command,Tags,Published,Option1 Name,Option1 Value,Option2 Name,Option2 Value,Option3 Name,Option3 Value,Variant SKU,Variant Grams,Variant Inventory Tracker,Variant Inventory Qty,Variant Inventory Policy,Variant Fulfillment Service,Variant Price,Variant Compare At Price,Variant Requires Shipping,Variant Taxable,Variant Barcode,Image Src,Image Position,Image Alt Text,Gift Card,SEO Title,SEO Description,Google Shopping / Google Product Category,Google Shopping / Gender,Google Shopping / Age Group,Google Shopping / MPN,Google Shopping / AdWords Grouping,Google Shopping / AdWords Labels,Google Shopping / Condition,Google Shopping / Custom Product,Google Shopping / Custom Label 0,Google Shopping / Custom Label 1,Google Shopping / Custom Label 2,Google Shopping / Custom Label 3,Google Shopping / Custom Label 4,Variant Image,Variant Weight Unit,Variant Tax Code,Cost per item,Price / International,Compare At Price / International,Status
08073259,,,Zara,,coat & puffers,MERGE,,TRUE,Color,camel,Size,XL,,,,,shopify,1000,deny,manual,4950.00,4950.00,TRUE,,,,,,,,,,,,,,,,,,,,,,https://static.zara.net/assets/public/8403/47ad/150d45979d33/bdc21cfe16d5/08073259704-015-p/08073259704-015-p.jpg?ts=1729848476087&w=2048,,,,,,active
08073259,,,Zara,,coat & puffers,MERGE,,TRUE,Color,camel,Size,XXL,,,,,shopify,1000,deny,manual,4950.00,4950.00,TRUE,,,,,,,,,,,,,,,,,,,,,,https://static.zara.net/assets/public/8403/47ad/150d45979d33/bdc21cfe16d5/08073259704-015-p/08073259704-015-p.jpg?ts=1729848476087&w=2048,,,,,,active
08073259,,,Zara,,coat & puffers,MERGE,,TRUE,Color,camel,Size,L,,,,,shopify,1000,deny,manual,4950.00,4950.00,TRUE,,,,,,,,,,,,,,,,,,,,,,https://static.zara.net/assets/public/8403/47ad/150d45979d33/bdc21cfe16d5/08073259704-015-p/08073259704-015-p.jpg?ts=1729848476087&w=2048,,,,,,active
08073227,,,Zara,,jackets,MERGE,,TRUE,Color,Black,Size,L,,,,,shopify,1000,deny,manual,4350.00,4350.00,TRUE,,,,,,,,,,,,,,,,,,,,,,https://static.zara.net/assets/public/27e9/40e1/110d48e0967f/fcd8e2eee7c2/08073227800-015-p/08073227800-015-p.jpg?ts=1731009440507&w=2048,,,,,,active
00264737,,,Zara,,dresses,MERGE,,TRUE,Color,Black,Size,M,,,,,shopify,1000,deny,manual,2950.00,2950.00,TRUE,,,,,,,,,,,,,,,,,,,,,,https://static.zara.net/assets/public/160c/4fd9/49da42499fcb/dfc840b52aad/00264737800-p/00264737800-p.jpg?ts=1728586304982&w=2048,,,,,,active
05584694,,,Zara,,dresses,MERGE,,TRUE,Color,Black,Size,M,,,,,shopify,1000,deny,manual,3350.00,3350.00,TRUE,,,,,,,,,,,,,,,,,,,,,,https://static.zara.net/assets/public/49e5/1117/ea79469692dd/b88083bef2a9/05584694800-p/05584694800-p.jpg?ts=1731071570980&w=2048,,,,,,active
09857071,,,Zara,,dresses,MERGE,,TRUE,Color,Green / Grass,Size,XL,,,,,shopify,1000,deny,manual,4950.00,4950.00,TRUE,,,,,,,,,,,,,,,,,,,,,,https://static.zara.net/assets/public/57af/0050/3a29448eb206/aca48d0ca3db/09857071550-p/09857071550-p.jpg?ts=1733419249749&w=2048,,,,,,active
08815399,,,Zara,,dresses,MERGE,,TRUE,Color,Aubergine,Size,S,,,,,shopify,1000,deny,manual,5550.00,5550.00,TRUE,,,,,,,,,,,,,,,,,,,,,,https://static.zara.net/assets/public/1e69/54db/c88142f9b3b1/74c16f0bd5ac/08815399610-p/08815399610-p.jpg?ts=1723812881180&w=2048,,,,,,active
08611459,,,Zara,,dresses,MERGE,,TRUE,Color,Light burgundy,Size,XL,,,,,shopify,1000,deny,manual,3550.00,3550.00,TRUE,,,,,,,,,,,,,,,,,,,,,,https://static.zara.net/assets/public/d168/ab34/73444d92ba3d/1df38e9b4ab2/08611459685-p/08611459685-p.jpg?ts=1723804957928&w=2048,,,,,,active
08611459,,,Zara,,dresses,MERGE,,TRUE,Color,Light burgundy,Size,S,,,,,shopify,1000,deny,manual,3550.00,3550.00,TRUE,,,,,,,,,,,,,,,,,,,,,,https://static.zara.net/assets/public/d168/ab34/73444d92ba3d/1df38e9b4ab2/08611459685-p/08611459685-p.jpg?ts=1723804957928&w=2048,,,,,,active
05584671,,,Zara,,dresses,MERGE,,TRUE,Color,Lime,Size,M,,,,,shopify,1000,deny,manual,2950.00,2950.00,TRUE,,,,,,,,,,,,,,,,,,,,,,https://static.zara.net/assets/public/a7d3/9ead/dc554c13b135/20802f8133ae/05584671520-p/05584671520-p.jpg?ts=1726824482581&w=2048,,,,,,active
05039626,,,Zara,,dresses,MERGE,,TRUE,Color,Brown,Size,M,,,,,shopify,1000,deny,manual,2950.00,2950.00,TRUE,,,,,,,,,,,,,,,,,,,,,,https://static.zara.net/assets/public/e664/c8db/173e41e5b3fd/7f0793ff8f88/05039626700-p/05039626700-p.jpg?ts=1721812321462&w=2048,,,,,,active
04764282,,,Zara,,dresses,MERGE,,TRUE,Color,Black,Size,S,,,,,shopify,1000,deny,manual,3550.00,3550.00,TRUE,,,,,,,,,,,,,,,,,,,,,,https://static.zara.net/assets/public/db41/8d90/87d3435fa81a/aae9de952117/04764282800-016-p/04764282800-016-p.jpg?ts=1731674572370&w=2048,,,,,,active
02017572,,,Zara,,dresses,MERGE,,TRUE,Color,Bottle green,Size,M,,,,,shopify,1000,deny,manual,3550.00,3550.00,TRUE,,,,,,,,,,,,,,,,,,,,,,https://static.zara.net/assets/public/adca/f181/104d4b729a49/f1ec1dc35026/02017572501-p/02017572501-p.jpg?ts=1731687043756&w=2048,,,,,,active
09371617,,,Zara,,dresses,MERGE,,TRUE,Color,Mid-green,Size,XS,,,,,shopify,1000,deny,manual,3550.00,3550.00,TRUE,,,,,,,,,,,,,,,,,,,,,,https://static.zara.net/assets/public/5473/55e6/b2274313a283/36ea2d713143/09371617527-p/09371617527-p.jpg?ts=1727274218924&w=2048,,,,,,active
03067210,,,Zara,,dresses,MERGE,,TRUE,Color,Black,Size,XXL,,,,,shopify,1000,deny,manual,4350.00,4350.00,TRUE,,,,,,,,,,,,,,,,,,,,,,https://static.zara.net/assets/public/524f/06fc/61324c80a9e0/74a79c470554/03067210800-p/03067210800-p.jpg?ts=1733851345445&w=2048,,,,,,active
09139222,,,Zara,,dresses,MERGE,,TRUE,Color,Multicoloured,Size,L,,,,,shopify,1000,deny,manual,3550.00,3550.00,TRUE,,,,,,,,,,,,,,,,,,,,,,https://static.zara.net/assets/public/4f6a/de9b/a9744af0a812/457a9c0b30ff/09139222330-p/09139222330-p.jpg?ts=1726762515460&w=2048,,,,,,active
09139222,,,Zara,,dresses,MERGE,,TRUE,Color,Multicoloured,Size,S,,,,,shopify,1000,deny,manual,3550.00,3550.00,TRUE,,,,,,,,,,,,,,,,,,,,,,https://static.zara.net/assets/public/4f6a/de9b/a9744af0a812/457a9c0b30ff/09139222330-p/09139222330-p.jpg?ts=1726762515460&w=2048,,,,,,active
09139222,,,Zara,,dresses,MERGE,,TRUE,Color,Multicoloured,Size,XS,,,,,shopify,1000,deny,manual,3550.00,3550.00,TRUE,,,,,,,,,,,,,,,,,,,,,,https://static.zara.net/assets/public/4f6a/de9b/a9744af0a812/457a9c0b30ff/09139222330-p/09139222330-p.jpg?ts=1726762515460&w=2048,,,,,,active
02142269,,,Zara,,dresses,MERGE,,TRUE,Color,Navy blue,Size,S,,,,,shopify,1000,deny,manual,4950.00,4950.00,TRUE,,,,,,,,,,,,,,,,,,,,,,https://static.zara.net/assets/public/86e5/cb53/62254e5b9b40/208169305ba8/02142269401-p/02142269401-p.jpg?ts=1730809668975&w=2048,,,,,,active
03897165,,,Zara,,dresses,MERGE,,TRUE,Color,Black,Size,XXL,,,,,shopify,1000,deny,manual,3550.00,3550.00,TRUE,,,,,,,,,,,,,,,,,,,,,,https://static.zara.net/assets/public/73b1/f435/a12041b482e6/377a5abad404/03897165800-p/03897165800-p.jpg?ts=1726745887768&w=2048,,,,,,active
09128560,,,Zara,,dresses,MERGE,,TRUE,Color,Maroon,Size,XL,,,,,shopify,1000,deny,manual,3550.00,3550.00,TRUE,,,,,,,,,,,,,,,,,,,,,,https://static.zara.net/assets/public/ba8b/4a7d/ee7c4036bacb/5e80a78da3d6/09128560605-p/09128560605-p.jpg?ts=1725543208603&w=2048,,,,,,active
09532552,,,Zara,,dresses,MERGE,,TRUE,Color,Black,Size,S,,,,,shopify,1000,deny,manual,4350.00,4350.00,TRUE,,,,,,,,,,,,,,,,,,,,,,https://static.zara.net/assets/public/2935/734a/ce8f41b49523/cbca7813c6f1/09532552800-p/09532552800-p.jpg?ts=1730824977109&w=2048,,,,,,active
03067230,,,Zara,,dresses,MERGE,,TRUE,Color,Black,Size,XXL,,,,,shopify,1000,deny,manual,4350.00,4350.00,TRUE,,,,,,,,,,,,,,,,,,,,,,https://static.zara.net/assets/public/c32d/1594/1a2c4644aa6a/9a131bd3bad9/03067230800-015-p/03067230800-015-p.jpg?ts=1730217984209&w=2048,,,,,,active
09388072,,,Zara,,dresses,MERGE,,TRUE,Color,Mid-camel,Size,L,,,,,shopify,1000,deny,manual,3550.00,3550.00,TRUE,,,,,,,,,,,,,,,,,,,,,,https://static.zara.net/assets/public/2758/7d46/b92a4f4391fb/ac0653144b48/09388072756-015-p/09388072756-015-p.jpg?ts=1727878306035&w=2048,,,,,,active
04772268,,,Zara,,dresses,MERGE,,TRUE,Color,Petrol blue,Size,XL,,,,,shopify,1000,deny,manual,3550.00,3550.00,TRUE,,,,,,,,,,,,,,,,,,,,,,https://static.zara.net/assets/public/d9a2/6283/42244cb68be3/9c8dcaece843/04772268409-001-p/04772268409-001-p.jpg?ts=1723634128625&w=2048,,,,,,active
04772268,,,Zara,,dresses,MERGE,,TRUE,Color,Petrol blue,Size,M,,,,,shopify,1000,deny,manual,3550.00,3550.00,TRUE,,,,,,,,,,,,,,,,,,,,,,https://static.zara.net/assets/public/d9a2/6283/42244cb68be3/9c8dcaece843/04772268409-001-p/04772268409-001-p.jpg?ts=1723634128625&w=2048,,,,,,active
04772268,,,Zara,,dresses,MERGE,,TRUE,Color,Petrol blue,Size,S,,,,,shopify,1000,deny,manual,3550.00,3550.00,TRUE,,,,,,,,,,,,,,,,,,,,,,https://static.zara.net/assets/public/d9a2/6283/42244cb68be3/9c8dcaece843/04772268409-001-p/04772268409-001-p.jpg?ts=1723634128625&w=2048,,,,,,active
04772268,,,Zara,,dresses,MERGE,,TRUE,Color,Petrol blue,Size,XS,,,,,shopify,1000,deny,manual,3550.00,3550.00,TRUE,,,,,,,,,,,,,,,,,,,,,,https://static.zara.net/assets/public/d9a2/6283/42244cb68be3/9c8dcaece843/04772268409-001-p/04772268409-001-p.jpg?ts=1723634128625&w=2048,,,,,,active
08634599,,,Zara,,blazers & waistcoats,MERGE,,TRUE,Color,Black,Size,M,,,,,shopify,1000,deny,manual,5950.00,5950.00,TRUE,,,,,,,,,,,,,,,,,,,,,,https://static.zara.net/assets/public/b9ba/9832/fdeb4b359ee7/f8703220675d/08634599800-p/08634599800-p.jpg?ts=1733316184477&w=2048,,,,,,active
08634599,,,Zara,,blazers & waistcoats,MERGE,,TRUE,Color,Black,Size,S,,,,,shopify,1000,deny,manual,5950.00,5950.00,TRUE,,,,,,,,,,,,,,,,,,,,,,https://static.zara.net/assets/public/b9ba/9832/fdeb4b359ee7/f8703220675d/08634599800-p/08634599800-p.jpg?ts=1733316184477&w=2048,,,,,,active
01255753,,,Zara,,blazers & waistcoats,MERGE,,TRUE,Color,Black,Size,XXL,,,,,shopify,1000,deny,manual,4950.00,4950.00,TRUE,,,,,,,,,,,,,,,,,,,,,,https://static.zara.net/assets/public/7507/f310/e24d4d9e880f/caaeb61065f0/01255753800-p/01255753800-p.jpg?ts=1724224121094&w=2048,,,,,,active
04749803,,,Zara,,blazers & waistcoats,MERGE,,TRUE,Color,Black,Size,XXL,,,,,shopify,1000,deny,manual,3550.00,3550.00,TRUE,,,,,,,,,,,,,,,,,,,,,,https://static.zara.net/assets/public/8fd7/1d8d/44fe4d7dbae3/65150b315070/04749803800-015-p/04749803800-015-p.jpg?ts=1726745766879&w=2048,,,,,,active
02010775,,,Zara,,blazers & waistcoats,MERGE,,TRUE,Color,Grey,Size,XXL,,,,,shopify,1000,deny,manual,2950.00,2950.00,TRUE,,,,,,,,,,,,,,,,,,,,,,https://static.zara.net/assets/public/2221/339d/135a45898034/f40e8dcd429b/02010775802-a1/02010775802-a1.jpg?ts=1723037835929&w=2048,,,,,,active
02142177,,,Zara,,tops & bodysuits,MERGE,,TRUE,Color,Blue / Grey,Size,L,,,,,shopify,1000,deny,manual,2950.00,2950.00,TRUE,,,,,,,,,,,,,,,,,,,,,,https://static.zara.net/assets/public/263d/7740/5af9477ab237/f8dde294b45b/02142177485-p/02142177485-p.jpg?ts=1722418654276&w=2048,,,,,,active
03644328,,,Zara,,tops & bodysuits,MERGE,,TRUE,Color,Pistachio,Size,M,,,,,shopify,1000,deny,manual,2350.00,2350.00,TRUE,,,,,,,,,,,,,,,,,,,,,,https://static.zara.net/assets/public/0cc4/d0aa/58cd4ea3991e/613fed277669/03644328511-p/03644328511-p.jpg?ts=1729087792365&w=2048,,,,,,active
00085870,,,Zara,,tops & bodysuits,MERGE,,TRUE,Color,Black,Size,S,,,,,shopify,1000,deny,manual,1950.00,1950.00,TRUE,,,,,,,,,,,,,,,,,,,,,,https://static.zara.net/assets/public/32b7/3e40/ba8546fbb77f/43f6be22b107/00085870800-a1/00085870800-a1.jpg?ts=1729177308853&w=2048,,,,,,active
05039407,,,Zara,,shirts & blouses,MERGE,,TRUE,Color,Black / Sand,Size,M,,,,,shopify,1000,deny,manual,1950.00,1950.00,TRUE,,,,,,,,,,,,,,,,,,,,,,https://static.zara.net/assets/public/8c73/26c8/f29646478f90/c13f61a1a20f/05039407085-p/05039407085-p.jpg?ts=1729845245221&w=2048,,,,,,active
07484162,,,Zara,,shirts & blouses,MERGE,,TRUE,Color,Ecru,Size,M,,,,,shopify,1000,deny,manual,2950.00,2950.00,TRUE,,,,,,,,,,,,,,,,,,,,,,https://static.zara.net/assets/public/acdf/b67d/68624cd08c41/8d8626d4d438/07484162712-015-p/07484162712-015-p.jpg?ts=1726759488578&w=2048,,,,,,active
08857334,,,Zara,,shirts & blouses,MERGE,,TRUE,Color,Ecru,Size,XXL,,,,,shopify,1000,deny,manual,3350.00,3350.00,TRUE,,,,,,,,,,,,,,,,,,,,,,https://static.zara.net/assets/public/d145/44be/00244d26ba6c/a447af85a6a8/08857334712-p/08857334712-p.jpg?ts=1724312377039&w=2048,,,,,,active
08741036,,,Zara,,shirts & blouses,MERGE,,TRUE,Color,Cava,Size,L,,,,,shopify,1000,deny,manual,1950.00,1950.00,TRUE,,,,,,,,,,,,,,,,,,,,,,https://static.zara.net/assets/public/bdb2/2335/383a451a81e8/cc6e52e49be3/08741036307-018-p/08741036307-018-p.jpg?ts=1726055819853&w=2048,,,,,,active
08741036,,,Zara,,shirts & blouses,MERGE,,TRUE,Color,Cava,Size,XS,,,,,shopify,1000,deny,manual,1950.00,1950.00,TRUE,,,,,,,,,,,,,,,,,,,,,,https://static.zara.net/assets/public/bdb2/2335/383a451a81e8/cc6e52e49be3/08741036307-018-p/08741036307-018-p.jpg?ts=1726055819853&w=2048,,,,,,active
02157237,,,Zara,,shirts & blouses,MERGE,,TRUE,Color,Light blue,Size,L,,,,,shopify,1000,deny,manual,2350.00,2350.00,TRUE,,,,,,,,,,,,,,,,,,,,,,https://static.zara.net/assets/public/fcda/9623/62684b788138/d8a0258e0dd7/02157237406-p/02157237406-p.jpg?ts=1724237209630&w=2048,,,,,,active
09887284,,,Zara,,shirts & blouses,MERGE,,TRUE,Color,Multicoloured,Size,L,,,,,shopify,1000,deny,manual,2950.00,2950.00,TRUE,,,,,,,,,,,,,,,,,,,,,,https://static.zara.net/assets/public/8410/4ff5/63894c9f93be/32b36467da8b/09887284330-p/09887284330-p.jpg?ts=1731667691116&w=2048,,,,,,active
09030213,,,Zara,,shirts & blouses,MERGE,,TRUE,Color,Multicoloured,Size,XXL,,,,,shopify,1000,deny,manual,2950.00,2950.00,TRUE,,,,,,,,,,,,,,,,,,,,,,https://static.zara.net/assets/public/def6/308d/d137491dbb3b/fe17d5b7f676/09030213330-p/09030213330-p.jpg?ts=1726745887553&w=2048,,,,,,active
00881109,,,Zara,,shirts & blouses,MERGE,,TRUE,Color,blue/black,Size,S,,,,,shopify,1000,deny,manual,2950.00,2950.00,TRUE,,,,,,,,,,,,,,,,,,,,,,https://static.zara.net/assets/public/7a99/8ee1/c537412baa9e/89e6802a9509/00881109030-p/00881109030-p.jpg?ts=1728560249461&w=2048,,,,,,active
08613373,,,Zara,,shirts & blouses,MERGE,,TRUE,Color,Light pink,Size,S,,,,,shopify,1000,deny,manual,2550.00,2550.00,TRUE,,,,,,,,,,,,,,,,,,,,,,https://static.zara.net/assets/public/d3b5/ae9d/9eb844cc9f51/b6f178312190/08613373644-p/08613373644-p.jpg?ts=1722346513745&w=2048,,,,,,active
08613373,,,Zara,,shirts & blouses,MERGE,,TRUE,Color,Light pink,Size,XS,,,,,shopify,1000,deny,manual,2550.00,2550.00,TRUE,,,,,,,,,,,,,,,,,,,,,,https://static.zara.net/assets/public/d3b5/ae9d/9eb844cc9f51/b6f178312190/08613373644-p/08613373644-p.jpg?ts=1722346513745&w=2048,,,,,,active
03666162,,,Zara,,shirts & blouses,MERGE,,TRUE,Color,Black,Size,XL,,,,,shopify,1000,deny,manual,2950.00,2950.00,TRUE,,,,,,,,,,,,,,,,,,,,,,https://static.zara.net/assets/public/3bfc/40b5/e12248878ed2/8321a4e5dc07/03666162800-p/03666162800-p.jpg?ts=1726564301818&w=2048,,,,,,active
03152521,,,Zara,,trousers,MERGE,,TRUE,Color,Black,Size,L,,,,,shopify,1000,deny,manual,2950.00,2950.00,TRUE,,,,,,,,,,,,,,,,,,,,,,https://static.zara.net/assets/public/27c9/05f9/e0064229baa0/afad889a1d72/03152521800-017-p/03152521800-017-p.jpg?ts=1726676318978&w=2048,,,,,,active
08372375,,,Zara,,trousers,MERGE,,TRUE,Color,Black,Size,XXL,,,,,shopify,1000,deny,manual,2950.00,2950.00,TRUE,,,,,,,,,,,,,,,,,,,,,,https://static.zara.net/assets/public/87f4/13e2/1dd34777a4dc/b422882cdfd3/08372375800-015-p/08372375800-015-p.jpg?ts=1732016235367&w=2048,,,,,,active
09929049,,,Zara,,trousers,MERGE,,TRUE,Color,Cava,Size,XS,,,,,shopify,1000,deny,manual,2550.00,2550.00,TRUE,,,,,,,,,,,,,,,,,,,,,,https://static.zara.net/assets/public/823a/34f5/53c345f38fa5/0b1da8f18021/09929049307-018-p/09929049307-018-p.jpg?ts=1717073118140&w=2048,,,,,,active
01608431,,,Zara,,trousers,MERGE,,TRUE,Color,Anthracite grey,Size,XXL,,,,,shopify,1000,deny,manual,2950.00,2950.00,TRUE,,,,,,,,,,,,,,,,,,,,,,https://static.zara.net/assets/public/85c0/a46e/0e8847c8bba7/828ddf5212df/01608431807-016-p/01608431807-016-p.jpg?ts=1730303411429&w=2048,,,,,,active
08372417,,,Zara,,trousers,MERGE,,TRUE,Color,Black,Size,XXL,,,,,shopify,1000,deny,manual,2950.00,2950.00,TRUE,,,,,,,,,,,,,,,,,,,,,,https://static.zara.net/assets/public/9316/2622/76554335b05b/a656bb0084e6/08372417800-016-p/08372417800-016-p.jpg?ts=1731670551133&w=2048,,,,,,active
09381597,,,Zara,,trousers,MERGE,,TRUE,Color,Black,Size,XL,,,,,shopify,1000,deny,manual,3550.00,3550.00,TRUE,,,,,,,,,,,,,,,,,,,,,,https://static.zara.net/assets/public/996f/1924/2d4e42049418/0f3d7a7959d0/09381597800-p/09381597800-p.jpg?ts=1729594326999&w=2048,,,,,,active
09381597,,,Zara,,trousers,MERGE,,TRUE,Color,Black,Size,S,,,,,shopify,1000,deny,manual,3550.00,3550.00,TRUE,,,,,,,,,,,,,,,,,,,,,,https://static.zara.net/assets/public/996f/1924/2d4e42049418/0f3d7a7959d0/09381597800-p/09381597800-p.jpg?ts=1729594326999&w=2048,,,,,,active
01478425,,,Zara,,trousers,MERGE,,TRUE,Color,Black,Size,M,,,,,shopify,1000,deny,manual,2950.00,2950.00,TRUE,,,,,,,,,,,,,,,,,,,,,,https://static.zara.net/assets/public/2295/8afc/9ab8435f9e6f/207bc06efde0/01478425800-p/01478425800-p.jpg?ts=1732120023337&w=2048,,,,,,active
05584812,,,Zara,,trousers,MERGE,,TRUE,Color,Ecru,Size,L,,,,,shopify,1000,deny,manual,2350.00,2350.00,TRUE,,,,,,,,,,,,,,,,,,,,,,https://static.zara.net/assets/public/b918/e67f/2644459fb4b4/1b2122c42fde/05584812712-e1/05584812712-e1.jpg?ts=1728480151372&w=2048,,,,,,active
07149290,,,Zara,,trousers,MERGE,,TRUE,Color,Burgundy,Size,XXL,,,,,shopify,1000,deny,manual,3550.00,3550.00,TRUE,,,,,,,,,,,,,,,,,,,,,,https://static.zara.net/assets/public/e58b/6e42/acc542dbab62/2f029a0f96bf/07149290681-p/07149290681-p.jpg?ts=1732710749135&w=2048,,,,,,active
00264677,,,Zara,,trousers,MERGE,,TRUE,Color,Black,Size,S,,,,,shopify,1000,deny,manual,2550.00,2550.00,TRUE,,,,,,,,,,,,,,,,,,,,,,https://static.zara.net/assets/public/b093/a033/5f78461c960b/715b2455d39a/00264677800-p/00264677800-p.jpg?ts=1732116922442&w=2048,,,,,,active
05039667,,,Zara,,trousers,MERGE,,TRUE,Color,Black / White,Size,L,,,,,shopify,1000,deny,manual,2550.00,2550.00,TRUE,,,,,,,,,,,,,,,,,,,,,,https://static.zara.net/assets/public/ac6f/70fd/6850479db0ab/295095e2229e/05039667084-001-p/05039667084-001-p.jpg?ts=1729073066158&w=2048,,,,,,active
05039667,,,Zara,,trousers,MERGE,,TRUE,Color,Black / White,Size,S,,,,,shopify,1000,deny,manual,2550.00,2550.00,TRUE,,,,,,,,,,,,,,,,,,,,,,https://static.zara.net/assets/public/ac6f/70fd/6850479db0ab/295095e2229e/05039667084-001-p/05039667084-001-p.jpg?ts=1729073066158&w=2048,,,,,,active
03644157,,,Zara,,trousers,MERGE,,TRUE,Color,Tan marl,Size,S,,,,,shopify,1000,deny,manual,2550.00,2550.00,TRUE,,,,,,,,,,,,,,,,,,,,,,https://static.zara.net/assets/public/8681/ee59/e7414d938489/468019ce4eeb/03644157723-017-p/03644157723-017-p.jpg?ts=1717746028931&w=2048,,,,,,active
01255552,,,Zara,,trousers,MERGE,,TRUE,Color,Black,Size,XL,,,,,shopify,1000,deny,manual,2950.00,2950.00,TRUE,,,,,,,,,,,,,,,,,,,,,,https://static.zara.net/assets/public/36be/8510/82f048c8a123/c9b9ba8d03e1/01255552800-015-p/01255552800-015-p.jpg?ts=1730290371677&w=2048,,,,,,active
01255552,,,Zara,,trousers,MERGE,,TRUE,Color,Black,Size,M,,,,,shopify,1000,deny,manual,2950.00,2950.00,TRUE,,,,,,,,,,,,,,,,,,,,,,https://static.zara.net/assets/public/36be/8510/82f048c8a123/c9b9ba8d03e1/01255552800-015-p/01255552800-015-p.jpg?ts=1730290371677&w=2048,,,,,,active
01255552,,,Zara,,trousers,MERGE,,TRUE,Color,Black,Size,XS,,,,,shopify,1000,deny,manual,2950.00,2950.00,TRUE,,,,,,,,,,,,,,,,,,,,,,https://static.zara.net/assets/public/36be/8510/82f048c8a123/c9b9ba8d03e1/01255552800-015-p/01255552800-015-p.jpg?ts=1730290371677&w=2048,,,,,,active
01478644,,,Zara,,trousers,MERGE,,TRUE,Color,Black,Size,XXL,,,,,shopify,1000,deny,manual,2550.00,2550.00,TRUE,,,,,,,,,,,,,,,,,,,,,,https://static.zara.net/assets/public/335c/7205/f68349fe96bf/2fc198574588/01478644800-015-p/01478644800-015-p.jpg?ts=1730303413164&w=2048,,,,,,active
04174678,,,Zara,,t-shirts,MERGE,,TRUE,Color,Chocolate,Size,M,,,,,shopify,1000,deny,manual,1550.00,1550.00,TRUE,,,,,,,,,,,,,,,,,,,,,,https://static.zara.net/assets/public/57b6/2c55/d881419783cb/2038269b5508/04174678717-a1/04174678717-a1.jpg?ts=1726564302191&w=2048,,,,,,active
03253322,,,Zara,,t-shirts,MERGE,,TRUE,Color,Grey marl,Size,S,,,,,shopify,1000,deny,manual,750.00,750.00,TRUE,,,,,,,,,,,,,,,,,,,,,,https://static.zara.net/assets/public/68ce/4685/04f04a79b3c0/f8635dc21951/03253322803-a1/03253322803-a1.jpg?ts=1729585659785&w=2048,,,,,,active
03905531,,,Zara,,t-shirts,MERGE,,TRUE,Color,Black,Size,L,,,,,shopify,1000,deny,manual,650.00,650.00,TRUE,,,,,,,,,,,,,,,,,,,,,,https://static.zara.net/assets/public/b67e/0c08/8fcb4b02b35f/5224f2d3e653/03905531800-019-a1/03905531800-019-a1.jpg?ts=1719408391324&w=2048,,,,,,active
03905531,,,Zara,,t-shirts,MERGE,,TRUE,Color,Ecru,Size,L,,,,,shopify,1000,deny,manual,650.00,650.00,TRUE,,,,,,,,,,,,,,,,,,,,,,https://static.zara.net/assets/public/144d/93a4/587a4d5bb0e1/73ffb1f07673/03905931712-015-a1/03905931712-015-a1.jpg?ts=1718288327666&w=2048,,,,,,active
04424805,,,Zara,,t-shirts,MERGE,,TRUE,Color,Dark grey,Size,L,,,,,shopify,1000,deny,manual,1550.00,1550.00,TRUE,,,,,,,,,,,,,,,,,,,,,,https://static.zara.net/assets/public/0635/8706/d8504a7cb388/4f835c12478b/04424805922-a1/04424805922-a1.jpg?ts=1725455149359&w=2048,,,,,,active
04424805,,,Zara,,t-shirts,MERGE,,TRUE,Color,Dark grey,Size,S,,,,,shopify,1000,deny,manual,1550.00,1550.00,TRUE,,,,,,,,,,,,,,,,,,,,,,https://static.zara.net/assets/public/0635/8706/d8504a7cb388/4f835c12478b/04424805922-a1/04424805922-a1.jpg?ts=1725455149359&w=2048,,,,,,active
05644639,,,Zara,,t-shirts,MERGE,,TRUE,Color,Golden,Size,M,,,,,shopify,1000,deny,manual,1950.00,1950.00,TRUE,,,,,,,,,,,,,,,,,,,,,,https://static.zara.net/assets/public/7061/4dc1/546142fc8feb/b01c78c7b1d5/05644639303-a1/05644639303-a1.jpg?ts=1723018214526&w=2048,,,,,,active
08851170,,,Zara,,cardigans & sweaters,MERGE,,TRUE,Color,Navy blue,Size,XXL,,,,,shopify,1000,deny,manual,2550.00,2550.00,TRUE,,,,,,,,,,,,,,,,,,,,,,https://static.zara.net/assets/public/b935/b7af/d3224ad68e5d/1b0868311936/08851180401-016-p/08851180401-016-p.jpg?ts=1731691420952&w=2048,,,,,,active
08851170,,,Zara,,cardigans & sweaters,MERGE,,TRUE,Color,Black,Size,XXL,,,,,shopify,1000,deny,manual,2550.00,2550.00,TRUE,,,,,,,,,,,,,,,,,,,,,,https://static.zara.net/assets/public/f77f/47f7/b98f4350b5aa/b2d3c865a28d/08851170800-015-p/08851170800-015-p.jpg?ts=1731694405555&w=2048,,,,,,active
08851170,,,Zara,,cardigans & sweaters,MERGE,,TRUE,Color,Ecru,Size,XXL,,,,,shopify,1000,deny,manual,2550.00,2550.00,TRUE,,,,,,,,,,,,,,,,,,,,,,https://static.zara.net/assets/public/2d8e/d606/988042d29d65/28ebb7a3f042/08851170712-015-p/08851170712-015-p.jpg?ts=1731691315988&w=2048,,,,,,active
01509107,,,Zara,,cardigans & sweaters,MERGE,,TRUE,Color,Stripes,Size,S,,,,,shopify,1000,deny,manual,3550.00,3550.00,TRUE,,,,,,,,,,,,,,,,,,,,,,https://static.zara.net/assets/public/1f0f/415f/9e104bd9bf7c/feb7e5500a04/01509107105-p/01509107105-p.jpg?ts=1733150600462&w=2048,,,,,,active
05755146,,,Zara,,cardigans & sweaters,MERGE,,TRUE,Color,Burgundy,Size,XL,,,,,shopify,1000,deny,manual,3550.00,3550.00,TRUE,,,,,,,,,,,,,,,,,,,,,,https://static.zara.net/assets/public/83d9/9ea4/8af540abb7d4/85a0ee94b077/05755146681-p/05755146681-p.jpg?ts=1733932955539&w=2048,,,,,,active
05039376,,,Zara,,cardigans & sweaters,MERGE,,TRUE,Color,Chocolate,Size,S,,,,,shopify,1000,deny,manual,2150.00,2150.00,TRUE,,,,,,,,,,,,,,,,,,,,,,https://static.zara.net/assets/public/7d9f/7ad7/6a6b48ccb972/29ff7dad5570/05039376717-p/05039376717-p.jpg?ts=1732807923654&w=2048,,,,,,active
08851180,,,Zara,,cardigans & sweaters,MERGE,,TRUE,Color,Navy blue,Size,XXL,,,,,shopify,1000,deny,manual,2550.00,2550.00,TRUE,,,,,,,,,,,,,,,,,,,,,,https://static.zara.net/assets/public/0dcf/66a8/2a60494db825/683ae2db7a00/08851170401-p/08851170401-p.jpg?ts=1729179490039&w=2048,,,,,,active
08851189,,,Zara,,cardigans & sweaters,MERGE,,TRUE,Color,Black,Size,XXL,,,,,shopify,1000,deny,manual,2950.00,2950.00,TRUE,,,,,,,,,,,,,,,,,,,,,,https://static.zara.net/assets/public/89e4/9c0f/d09e455a8083/44da5159c3cd/08851189800-p/08851189800-p.jpg?ts=1733140441136&w=2048,,,,,,active
08851028,,,Zara,,cardigans & sweaters,MERGE,,TRUE,Color,Light khaki,Size,L,,,,,shopify,1000,deny,manual,2950.00,2950.00,TRUE,,,,,,,,,,,,,,,,,,,,,,https://static.zara.net/assets/public/5f5c/aa31/82cd4bbfb42c/8e11c2434b47/08851028506-015-p/08851028506-015-p.jpg?ts=1729860257700&w=2048,,,,,,active
09598127,,,Zara,,cardigans & sweaters,MERGE,,TRUE,Color,Navy blue,Size,M,,,,,shopify,1000,deny,manual,4350.00,4350.00,TRUE,,,,,,,,,,,,,,,,,,,,,,https://static.zara.net/assets/public/c23f/e691/be444c168dd4/f94d6af65453/09598127401-p/09598127401-p.jpg?ts=1730306358691&w=2048,,,,,,active
03920497,,,Zara,,cardigans & sweaters,MERGE,,TRUE,Color,Navy blue,Size,L,,,,,shopify,1000,deny,manual,3550.00,3550.00,TRUE,,,,,,,,,,,,,,,,,,,,,,https://static.zara.net/assets/public/10e5/bec9/6b2b4e3aa927/8c6afd53e306/03920497401-p/03920497401-p.jpg?ts=1730809668820&w=2048,,,,,,active
08338537,,,Zara,,skirts & shorts,MERGE,,TRUE,Color,Black,Size,XL,,,,,shopify,1000,deny,manual,2550.00,2550.00,TRUE,,,,,,,,,,,,,,,,,,,,,,https://static.zara.net/assets/public/fe44/c792/288f45398037/fbf0e5af5285/08338441800-p/08338441800-p.jpg?ts=1733413038322&w=2048,,,,,,active
02548240,,,Zara,,skirts & shorts,MERGE,,TRUE,Color,Black,Size,L,,,,,shopify,1000,deny,manual,3550.00,3550.00,TRUE,,,,,,,,,,,,,,,,,,,,,,https://static.zara.net/assets/public/598b/bb84/6a7f45ea9226/59363e88d3bc/02548240800-p/02548240800-p.jpg?ts=1732006138545&w=2048,,,,,,active
02548240,,,Zara,,skirts & shorts,MERGE,,TRUE,Color,Aubergine,Size,S,,,,,shopify,1000,deny,manual,3550.00,3550.00,TRUE,,,,,,,,,,,,,,,,,,,,,,https://static.zara.net/assets/public/815e/629b/78f24b238e6e/daa56d5c3f84/02548240610-p/02548240610-p.jpg?ts=1731933070891&w=2048,,,,,,active
09254922,,,Zara,,skirts & shorts,MERGE,,TRUE,Color,Black,Size,L,,,,,shopify,1000,deny,manual,3550.00,3550.00,TRUE,,,,,,,,,,,,,,,,,,,,,,https://static.zara.net/assets/public/29bb/5f46/c85144a08947/b1bca0e97711/09254922800-e1/09254922800-e1.jpg?ts=1725966242656&w=2048,,,,,,active
01255402,,,Zara,,skirts & shorts,MERGE,,TRUE,Color,White,Size,XXL,,,,,shopify,1000,deny,manual,2950.00,2950.00,TRUE,,,,,,,,,,,,,,,,,,,,,,https://static.zara.net/assets/public/2755/9479/08e24efa9698/956e3641c907/01255402250-e1/01255402250-e1.jpg?ts=1719323642846&w=2048,,,,,,active
03152532,,,Zara,,skirts & shorts,MERGE,,TRUE,Color,Black,Size,XXL,,,,,shopify,1000,deny,manual,2550.00,2550.00,TRUE,,,,,,,,,,,,,,,,,,,,,,https://static.zara.net/assets/public/8728/f542/dac9457f9e19/bd72cfde43aa/03067532800-p/03067532800-p.jpg?ts=1733413038236&w=2048,,,,,,active
03152532,,,Zara,,skirts & shorts,MERGE,,TRUE,Color,Taupe grey,Size,XXL,,,,,shopify,1000,deny,manual,2550.00,2550.00,TRUE,,,,,,,,,,,,,,,,,,,,,,https://static.zara.net/assets/public/2639/0a76/4796473c8c11/3a5dfd56f870/03152532832-p/03152532832-p.jpg?ts=1733413037998&w=2048,,,,,,active
03152536,,,Zara,,skirts & shorts,MERGE,,TRUE,Color,Anthracite grey,Size,XXL,,,,,shopify,1000,deny,manual,2550.00,2550.00,TRUE,,,,,,,,,,,,,,,,,,,,,,https://static.zara.net/assets/public/1531/0077/37594c169e3f/4ff2e46e3705/03152536807-p/03152536807-p.jpg?ts=1727280581386&w=2048,,,,,,active
03152502,,,Zara,,skirts & shorts,MERGE,,TRUE,Color,Chalk pink,Size,M,,,,,shopify,1000,deny,manual,2550.00,2550.00,TRUE,,,,,,,,,,,,,,,,,,,,,,https://static.zara.net/assets/public/114d/e8ac/4a93447a9d89/9aee1cd0aaba/03152502626-e1/03152502626-e1.jpg?ts=1727008000616&w=2048,,,,,,active
03918327,,,Zara,,jackets,MERGE,,TRUE,Color,Black,Size,XXL,,,,,shopify,1000,deny,manual,4950.00,4950.00,TRUE,,,,,,,,,,,,,,,,,,,,,,https://static.zara.net/assets/public/f989/914c/b0cc4d14a8a6/06b9daca57e4/03918327800-a1/03918327800-a1.jpg?ts=1721392170067&w=2048,,,,,,active
04302536,,,Zara,,jackets,MERGE,,TRUE,Color,Navy blue,Size,XL,,,,,shopify,1000,deny,manual,2950.00,2950.00,TRUE,,,,,,,,,,,,,,,,,,,,,,https://static.zara.net/assets/public/0bef/d099/135740d69157/5c66f663d9d0/04302536401-p/04302536401-p.jpg?ts=1728979045287&w=2048,,,,,,active
08491400,,,Zara,,jackets,MERGE,,TRUE,Color,Black,Size,XXL,,,,,shopify,1000,deny,manual,6950.00,6950.00,TRUE,,,,,,,,,,,,,,,,,,,,,,https://static.zara.net/assets/public/6bea/2c7e/b82241469e5d/14d8771e0771/08491500800-a1/08491500800-a1.jpg?ts=1731662015026&w=2048,,,,,,active
03918340,,,Zara,,jackets,MERGE,,TRUE,Color,Black,Size,XXL,,,,,shopify,1000,deny,manual,4950.00,4950.00,TRUE,,,,,,,,,,,,,,,,,,,,,,https://static.zara.net/assets/public/991f/d2c3/a80848b59b56/ab8bb154a8dd/03918320800-p/03918320800-p.jpg?ts=1721317344976&w=2048,,,,,,active
01538353,,,Zara,,jackets,MERGE,,TRUE,Color,Beige,Size,XXL,,,,,shopify,1000,deny,manual,3550.00,3550.00,TRUE,,,,,,,,,,,,,,,,,,,,,,https://static.zara.net/assets/public/cec6/c49a/e9ce493ab09d/6fac93a69a68/01538353710-p/01538353710-p.jpg?ts=1721832893880&w=2048,,,,,,active
09802005,,,Zara,,jackets,MERGE,,TRUE,Color,Grey,Size,XL,,,,,shopify,1000,deny,manual,4950.00,4950.00,TRUE,,,,,,,,,,,,,,,,,,,,,,https://static.zara.net/assets/public/ba0e/eecf/12b1444abad0/ec49397e7168/09802005802-p/09802005802-p.jpg?ts=1731498573708&w=2048,,,,,,active
09802005,,,Zara,,jackets,MERGE,,TRUE,Color,Grey,Size,S,,,,,shopify,1000,deny,manual,4950.00,4950.00,TRUE,,,,,,,,,,,,,,,,,,,,,,https://static.zara.net/assets/public/ba0e/eecf/12b1444abad0/ec49397e7168/09802005802-p/09802005802-p.jpg?ts=1731498573708&w=2048,,,,,,active
03798507,,,Zara,,jackets,MERGE,,TRUE,Color,Light green,Size,L,,,,,shopify,1000,deny,manual,7550.00,7550.00,TRUE,,,,,,,,,,,,,,,,,,,,,,https://static.zara.net/assets/public/69ff/4575/035a43aeb3ac/294907996406/03798507526-p/03798507526-p.jpg?ts=1728295168819&w=2048,,,,,,active
03332310,,,Zara,,sweater & cardigans,MERGE,,TRUE,Color,Navy blue,Size,XL,,,,,shopify,1000,deny,manual,4350.00,4350.00,TRUE,,,,,,,,,,,,,,,,,,,,,,https://static.zara.net/assets/public/8877/7b01/87154471813d/c2761125fd6e/03332310401-p/03332310401-p.jpg?ts=1731070017868&w=2048,,,,,,active
05536310,,,Zara,,sweater & cardigans,MERGE,,TRUE,Color,Khaki,Size,L,,,,,shopify,1000,deny,manual,3550.00,3550.00,TRUE,,,,,,,,,,,,,,,,,,,,,,https://static.zara.net/assets/public/0af9/46b5/0df342ba9c63/15ee695e735c/05536310505-p/05536310505-p.jpg?ts=1722588284877&w=2048,,,,,,active
05536310,,,Zara,,sweater & cardigans,MERGE,,TRUE,Color,Black,Size,L,,,,,shopify,1000,deny,manual,3550.00,3550.00,TRUE,,,,,,,,,,,,,,,,,,,,,,https://static.zara.net/assets/public/89fd/63d8/ccc346a7a55d/b0daf4c8367b/05536310800-p/05536310800-p.jpg?ts=1729701442900&w=2048,,,,,,active
00347468,,,Zara,,trousers,MERGE,,TRUE,Color,Black,Size,XL,,,,,shopify,1000,deny,manual,2950.00,2950.00,TRUE,,,,,,,,,,,,,,,,,,,,,,https://static.zara.net/assets/public/ef34/eafb/bd454cde9ac7/f582471ed458/00347468800-p/00347468800-p.jpg?ts=1727967574863&w=2048,,,,,,active
00347468,,,Zara,,trousers,MERGE,,TRUE,Color,Grey,Size,XL,,,,,shopify,1000,deny,manual,2950.00,2950.00,TRUE,,,,,,,,,,,,,,,,,,,,,,https://static.zara.net/assets/public/9da9/9e55/7424456aa955/b0541a26bcac/00347468802-p/00347468802-p.jpg?ts=1726047653820&w=2048,,,,,,active
03798512,,,Zara,,trousers,MERGE,,TRUE,Color,Ecru,Size,L,,,,,shopify,1000,deny,manual,4950.00,4950.00,TRUE,,,,,,,,,,,,,,,,,,,,,,https://static.zara.net/assets/public/a625/8603/425a43bbaa74/2c1caea1e9cd/03798512712-p/03798512712-p.jpg?ts=1728307609006&w=2048,,,,,,active
06917360,,,Zara,,trousers,MERGE,,TRUE,Color,Sand,Size,XL,,,,,shopify,1000,deny,manual,3550.00,3550.00,TRUE,,,,,,,,,,,,,,,,,,,,,,https://static.zara.net/assets/public/f2f3/8fc6/32704ed9a4fc/c835699499f9/06917360711-p/06917360711-p.jpg?ts=1723796703151&w=2048,,,,,,active
06917360,,,Zara,,trousers,MERGE,,TRUE,Color,Sand,Size,M,,,,,shopify,1000,deny,manual,3550.00,3550.00,TRUE,,,,,,,,,,,,,,,,,,,,,,https://static.zara.net/assets/public/f2f3/8fc6/32704ed9a4fc/c835699499f9/06917360711-p/06917360711-p.jpg?ts=1723796703151&w=2048,,,,,,active
00108304,,,Zara,,trousers,MERGE,,TRUE,Color,Khaki,Size,EU 44 (UK 34),,,,,shopify,1000,deny,manual,4350.00,4350.00,TRUE,,,,,,,,,,,,,,,,,,,,,,https://static.zara.net/assets/public/f1f9/9c4d/dfd94614b474/db631b963da4/00108304505-p/00108304505-p.jpg?ts=1726477650135&w=2048,,,,,,active
01564301,,,Zara,,trousers,MERGE,,TRUE,Color,Navy blue,Size,EU 36 (UK 29),,,,,shopify,1000,deny,manual,3550.00,3550.00,TRUE,,,,,,,,,,,,,,,,,,,,,,https://static.zara.net/assets/public/c57c/b364/31d34944adf3/e0710468f5cb/01564301401-p/01564301401-p.jpg?ts=1722325823895&w=2048,,,,,,active
08281280,,,Zara,,trousers,MERGE,,TRUE,Color,Black,Size,S,,,,,shopify,1000,deny,manual,4950.00,4950.00,TRUE,,,,,,,,,,,,,,,,,,,,,,https://static.zara.net/assets/public/65f2/b11d/82094cbd9bd8/9d531ef7936f/08281280800-p/08281280800-p.jpg?ts=1730999153140&w=2048,,,,,,active
09794305,,,Zara,,jeans,MERGE,,TRUE,Color,Blue,Size,EU 44 (UK 34),,,,,shopify,1000,deny,manual,2950.00,2950.00,TRUE,,,,,,,,,,,,,,,,,,,,,,https://static.zara.net/assets/public/bf3d/4f60/67474cccad8f/589a0240ce43/09794305407-p/09794305407-p.jpg?ts=1727690481644&w=2048,,,,,,active
00774340,,,Zara,,jeans,MERGE,,TRUE,Color,Blue / Green,Size,EU 48 (UK 38),,,,,shopify,1000,deny,manual,2950.00,2950.00,TRUE,,,,,,,,,,,,,,,,,,,,,,https://static.zara.net/assets/public/4f63/4a64/ca434cb1923c/4aece2c0ce7f/05575345445-000-p/05575345445-000-p.jpg?ts=1725626790069&w=2048,,,,,,active
00774340,,,Zara,,jeans,MERGE,,TRUE,Color,Blue / Green,Size,EU 36 (UK 29),,,,,shopify,1000,deny,manual,2950.00,2950.00,TRUE,,,,,,,,,,,,,,,,,,,,,,https://static.zara.net/assets/public/4f63/4a64/ca434cb1923c/4aece2c0ce7f/05575345445-000-p/05575345445-000-p.jpg?ts=1725626790069&w=2048,,,,,,active
00774340,,,Zara,,jeans,MERGE,,TRUE,Color,Blue / Green,Size,EU 46 (UK 36),,,,,shopify,1000,deny,manual,2950.00,2950.00,TRUE,,,,,,,,,,,,,,,,,,,,,,https://static.zara.net/assets/public/4f63/4a64/ca434cb1923c/4aece2c0ce7f/05575345445-000-p/05575345445-000-p.jpg?ts=1725626790069&w=2048,,,,,,active
00761330,,,Zara,,hoodie & sweatshirts,MERGE,,TRUE,Color,Anthracite grey,Size,XXL,,,,,shopify,1000,deny,manual,3350.00,3350.00,TRUE,,,,,,,,,,,,,,,,,,,,,,https://static.zara.net/assets/public/1571/653f/1cbd4c4e9279/bb36cf270934/04393350807-p/04393350807-p.jpg?ts=1722954832207&w=2048,,,,,,active
00761330,,,Zara,,hoodie & sweatshirts,MERGE,,TRUE,Color,Light pink,Size,XXL,,,,,shopify,1000,deny,manual,3350.00,3350.00,TRUE,,,,,,,,,,,,,,,,,,,,,,https://static.zara.net/assets/public/1be6/14e3/6b704c4ab369/8f8bc0d5e23d/00761330644-p/00761330644-p.jpg?ts=1723620051007&w=2048,,,,,,active
02878306,,,Zara,,hoodie & sweatshirts,MERGE,,TRUE,Color,Dark green,Size,L,,,,,shopify,1000,deny,manual,4350.00,4350.00,TRUE,,,,,,,,,,,,,,,,,,,,,,https://static.zara.net/assets/public/69e0/8663/6816437181ad/c5f94e2e7d98/02878307529-000-p/02878307529-000-p.jpg?ts=1733309589312&w=2048,,,,,,active
02878306,,,Zara,,hoodie & sweatshirts,MERGE,,TRUE,Color,Dark green,Size,M,,,,,shopify,1000,deny,manual,4350.00,4350.00,TRUE,,,,,,,,,,,,,,,,,,,,,,https://static.zara.net/assets/public/69e0/8663/6816437181ad/c5f94e2e7d98/02878307529-000-p/02878307529-000-p.jpg?ts=1733309589312&w=2048,,,,,,active
06462333,,,Zara,,hoodie & sweatshirts,MERGE,,TRUE,Color,Oyster-white,Size,XXL,,,,,shopify,1000,deny,manual,3350.00,3350.00,TRUE,,,,,,,,,,,,,,,,,,,,,,https://static.zara.net/assets/public/1a59/bb78/f2494f99b9b1/3785d9ec6837/06462333251-p/06462333251-p.jpg?ts=1719999560071&w=2048,,,,,,active
06462333,,,Zara,,hoodie & sweatshirts,MERGE,,TRUE,Color,Black,Size,XXL,,,,,shopify,1000,deny,manual,3350.00,3350.00,TRUE,,,,,,,,,,,,,,,,,,,,,,https://static.zara.net/assets/public/2eb7/0c90/40454d73bf3a/c7bed6e1485b/06462333800-570-p/06462333800-570-p.jpg?ts=1733732996671&w=2048,,,,,,active
06462333,,,Zara,,hoodie & sweatshirts,MERGE,,TRUE,Color,Black,Size,M,,,,,shopify,1000,deny,manual,3350.00,3350.00,TRUE,,,,,,,,,,,,,,,,,,,,,,https://static.zara.net/assets/public/2eb7/0c90/40454d73bf3a/c7bed6e1485b/06462333800-570-p/06462333800-570-p.jpg?ts=1733732996671&w=2048,,,,,,active
06462333,,,Zara,,hoodie & sweatshirts,MERGE,,TRUE,Color,Navy blue,Size,XXL,,,,,shopify,1000,deny,manual,3350.00,3350.00,TRUE,,,,,,,,,,,,,,,,,,,,,,https://static.zara.net/assets/public/7ef3/8b07/76f44d2db308/f6f6523a661f/06462333401-p/06462333401-p.jpg?ts=1729174530674&w=2048,,,,,,active
04092316,,,Zara,,hoodie & sweatshirts,MERGE,,TRUE,Color,Dark green,Size,S,,,,,shopify,1000,deny,manual,3550.00,3550.00,TRUE,,,,,,,,,,,,,,,,,,,,,,https://static.zara.net/assets/public/f4ca/a108/9bfc4cf99404/a623b2bbfdf8/04092316529-p/04092316529-p.jpg?ts=1733303598576&w=2048,,,,,,active
06224877,,,Zara,,hoodie & sweatshirts,MERGE,,TRUE,Color,Brown,Size,S,,,,,shopify,1000,deny,manual,3550.00,3550.00,TRUE,,,,,,,,,,,,,,,,,,,,,,https://static.zara.net/assets/public/38a4/a93a/800e4ee7810a/0167f95d24cc/06224877700-p/06224877700-p.jpg?ts=1733240949202&w=2048,,,,,,active
05584414,,,Zara,,t-shirts,MERGE,,TRUE,Color,Green,Size,XXL,,,,,shopify,1000,deny,manual,2550.00,2550.00,TRUE,,,,,,,,,,,,,,,,,,,,,,https://static.zara.net/assets/public/1730/bc5b/cfeb4471a7c3/005ad0b9ebd7/05584414500-p/05584414500-p.jpg?ts=1730300032837&w=2048,,,,,,active
05584414,,,Zara,,t-shirts,MERGE,,TRUE,Color,Black,Size,XL,,,,,shopify,1000,deny,manual,2550.00,2550.00,TRUE,,,,,,,,,,,,,,,,,,,,,,https://static.zara.net/assets/public/544b/a856/695348a2a500/d2a621779b52/05584414800-p/05584414800-p.jpg?ts=1726650793524&w=2048,,,,,,active
05584360,,,Zara,,t-shirts,MERGE,,TRUE,Color,Charcoal grey,Size,XXL,,,,,shopify,1000,deny,manual,1950.00,1950.00,TRUE,,,,,,,,,,,,,,,,,,,,,,https://static.zara.net/assets/public/f495/8f7c/c1b8497894eb/e698f65cb3da/05584360818-p/05584360818-p.jpg?ts=1729861113631&w=2048,,,,,,active
05584360,,,Zara,,t-shirts,MERGE,,TRUE,Color,White,Size,XXL,,,,,shopify,1000,deny,manual,1950.00,1950.00,TRUE,,,,,,,,,,,,,,,,,,,,,,https://static.zara.net/assets/public/7a97/bd55/5bc7453b86ad/e66e2843278a/05584360250-p/05584360250-p.jpg?ts=1724247677076&w=2048,,,,,,active
05584360,,,Zara,,t-shirts,MERGE,,TRUE,Color,Black,Size,XXL,,,,,shopify,1000,deny,manual,1950.00,1950.00,TRUE,,,,,,,,,,,,,,,,,,,,,,https://static.zara.net/assets/public/9a5f/c378/b146465bb8ce/c6afb29d8432/05584360800-p/05584360800-p.jpg?ts=1724247674756&w=2048,,,,,,active
05584360,,,Zara,,t-shirts,MERGE,,TRUE,Color,Blue,Size,XXL,,,,,shopify,1000,deny,manual,1950.00,1950.00,TRUE,,,,,,,,,,,,,,,,,,,,,,https://static.zara.net/assets/public/808c/92fb/16024b3c89bc/1be94ba0350a/05584360400-p/05584360400-p.jpg?ts=1729854505731&w=2048,,,,,,active
05584360,,,Zara,,t-shirts,MERGE,,TRUE,Color,Brown / Taupe,Size,XXL,,,,,shopify,1000,deny,manual,1950.00,1950.00,TRUE,,,,,,,,,,,,,,,,,,,,,,https://static.zara.net/assets/public/0e43/3249/5a0c40749a25/37047da00241/05584360737-p/05584360737-p.jpg?ts=1724241046651&w=2048,,,,,,active
05584361,,,Zara,,t-shirts,MERGE,,TRUE,Color,White,Size,XXL,,,,,shopify,1000,deny,manual,950.00,950.00,TRUE,,,,,,,,,,,,,,,,,,,,,,https://static.zara.net/assets/public/05d6/f64c/6e5c478c8a15/65ea2e03eb80/05584261250-p/05584261250-p.jpg?ts=1727277108008&w=2048,,,,,,active
05584361,,,Zara,,t-shirts,MERGE,,TRUE,Color,Black,Size,XXL,,,,,shopify,1000,deny,manual,950.00,950.00,TRUE,,,,,,,,,,,,,,,,,,,,,,https://static.zara.net/assets/public/6c4b/611e/2dfe4bd4b38b/604c3b0519aa/05584261800-p/05584261800-p.jpg?ts=1701435207121&w=2048,,,,,,active
05584361,,,Zara,,t-shirts,MERGE,,TRUE,Color,Black,Size,L,,,,,shopify,1000,deny,manual,950.00,950.00,TRUE,,,,,,,,,,,,,,,,,,,,,,https://static.zara.net/assets/public/6c4b/611e/2dfe4bd4b38b/604c3b0519aa/05584261800-p/05584261800-p.jpg?ts=1701435207121&w=2048,,,,,,active
05584361,,,Zara,,t-shirts,MERGE,,TRUE,Color,Khaki,Size,S,,,,,shopify,1000,deny,manual,950.00,950.00,TRUE,,,,,,,,,,,,,,,,,,,,,,https://static.zara.net/assets/public/c4e6/14e8/a93f43638de3/5ec03490fe29/05584361505-p/05584361505-p.jpg?ts=1727344845440&w=2048,,,,,,active
05584441,,,Zara,,t-shirts,MERGE,,TRUE,Color,White,Size,XXL,,,,,shopify,1000,deny,manual,2250.00,2250.00,TRUE,,,,,,,,,,,,,,,,,,,,,,https://static.zara.net/assets/public/c0fd/f349/90834b86af23/beced433a8d1/05584441250-p/05584441250-p.jpg?ts=1729525390063&w=2048,,,,,,active
05584441,,,Zara,,t-shirts,MERGE,,TRUE,Color,Black,Size,XXL,,,,,shopify,1000,deny,manual,2250.00,2250.00,TRUE,,,,,,,,,,,,,,,,,,,,,,https://static.zara.net/assets/public/5a43/218e/d543415987c6/2ed4add0307c/05584441800-p/05584441800-p.jpg?ts=1729525354336&w=2048,,,,,,active
01887470,,,Zara,,t-shirts,MERGE,,TRUE,Color,White,Size,XXL,,,,,shopify,1000,deny,manual,1550.00,1550.00,TRUE,,,,,,,,,,,,,,,,,,,,,,https://static.zara.net/assets/public/2453/7ae6/8de04d82bd0d/c549e77b770b/01887470250-p/01887470250-p.jpg?ts=1726754823497&w=2048,,,,,,active
01887470,,,Zara,,t-shirts,MERGE,,TRUE,Color,Black,Size,XXL,,,,,shopify,1000,deny,manual,1550.00,1550.00,TRUE,,,,,,,,,,,,,,,,,,,,,,https://static.zara.net/assets/public/6687/984c/81364951a5ff/6fada239ed24/01887470800-p/01887470800-p.jpg?ts=1726754847093&w=2048,,,,,,active
01887470,,,Zara,,t-shirts,MERGE,,TRUE,Color,Blue,Size,XXL,,,,,shopify,1000,deny,manual,1550.00,1550.00,TRUE,,,,,,,,,,,,,,,,,,,,,,https://static.zara.net/assets/public/d2af/75c3/e93c46bc8be7/6f0b9a74a42e/01887470407-p/01887470407-p.jpg?ts=1727426912814&w=2048,,,,,,active
01887470,,,Zara,,t-shirts,MERGE,,TRUE,Color,Blue,Size,M,,,,,shopify,1000,deny,manual,1550.00,1550.00,TRUE,,,,,,,,,,,,,,,,,,,,,,https://static.zara.net/assets/public/d2af/75c3/e93c46bc8be7/6f0b9a74a42e/01887470407-p/01887470407-p.jpg?ts=1727426912814&w=2048,,,,,,active
01887470,,,Zara,,t-shirts,MERGE,,TRUE,Color,Light blue,Size,XXL,,,,,shopify,1000,deny,manual,1550.00,1550.00,TRUE,,,,,,,,,,,,,,,,,,,,,,https://static.zara.net/assets/public/5ffe/a617/e7564bf5bd30/ed5ed45d31f8/01887470406-p/01887470406-p.jpg?ts=1720165723596&w=2048,,,,,,active
05584362,,,Zara,,t-shirts,MERGE,,TRUE,Color,Black,Size,XXL,,,,,shopify,1000,deny,manual,950.00,950.00,TRUE,,,,,,,,,,,,,,,,,,,,,,https://static.zara.net/assets/public/ad8d/b75d/04ed40fcbccd/41c2c7262ae9/05584362800-p/05584362800-p.jpg?ts=1726754744994&w=2048,,,,,,active
01063407,,,Zara,,shirts,MERGE,,TRUE,Color,White,Size,XXL,,,,,shopify,1000,deny,manual,3250.00,3250.00,TRUE,,,,,,,,,,,,,,,,,,,,,,https://static.zara.net/assets/public/6141/e5f9/78fb419fb590/086ec6d41803/01063407250-p/01063407250-p.jpg?ts=1726498617031&w=2048,,,,,,active
01063407,,,Zara,,shirts,MERGE,,TRUE,Color,Light beige,Size,XXL,,,,,shopify,1000,deny,manual,3250.00,3250.00,TRUE,,,,,,,,,,,,,,,,,,,,,,https://static.zara.net/assets/public/b69c/ee69/7fa646edbf82/196eadfa6b6e/01063407052-p/01063407052-p.jpg?ts=1727188824236&w=2048,,,,,,active
01063407,,,Zara,,shirts,MERGE,,TRUE,Color,Sea green,Size,XXL,,,,,shopify,1000,deny,manual,3250.00,3250.00,TRUE,,,,,,,,,,,,,,,,,,,,,,https://static.zara.net/assets/public/7f10/af76/bf9e418e9997/687b5f3b8cf0/01063407512-p/01063407512-p.jpg?ts=1727192566990&w=2048,,,,,,active
01063317,,,Zara,,shirts,MERGE,,TRUE,Color,Ash,Size,XXL,,,,,shopify,1000,deny,manual,2950.00,2950.00,TRUE,,,,,,,,,,,,,,,,,,,,,,https://static.zara.net/assets/public/846e/b452/b765498096b4/1a6e94eb512b/01063317821-p/01063317821-p.jpg?ts=1724228969194&w=2048,,,,,,active
01063317,,,Zara,,shirts,MERGE,,TRUE,Color,White / Sky blue,Size,XXL,,,,,shopify,1000,deny,manual,2950.00,2950.00,TRUE,,,,,,,,,,,,,,,,,,,,,,https://static.zara.net/assets/public/e9f4/b0ed/5c604936be0d/53847551fc07/07545317058-p/07545317058-p.jpg?ts=1721116473879&w=2048,,,,,,active
01063317,,,Zara,,shirts,MERGE,,TRUE,Color,White,Size,XXL,,,,,shopify,1000,deny,manual,2950.00,2950.00,TRUE,,,,,,,,,,,,,,,,,,,,,,https://static.zara.net/assets/public/ad0d/24f3/21934de9a0cf/7ca01b580080/07545317250-p/07545317250-p.jpg?ts=1721116473676&w=2048,,,,,,active
01063317,,,Zara,,shirts,MERGE,,TRUE,Color,Sky blue,Size,XXL,,,,,shopify,1000,deny,manual,2950.00,2950.00,TRUE,,,,,,,,,,,,,,,,,,,,,,https://static.zara.net/assets/public/d065/5acf/adcc4cf0a30b/58a1b4e718ee/07545317403-p/07545317403-p.jpg?ts=1721142664492&w=2048,,,,,,active
07545710,,,Zara,,shirts,MERGE,,TRUE,Color,Black,Size,XXL,,,,,shopify,1000,deny,manual,2950.00,2950.00,TRUE,,,,,,,,,,,,,,,,,,,,,,https://static.zara.net/assets/public/29ee/2ded/a190404eb96e/9f23bba5b637/07545710800-p/07545710800-p.jpg?ts=1720711470386&w=2048,,,,,,active
01063402,,,Zara,,shirts,MERGE,,TRUE,Color,Light beige,Size,XXL,,,,,shopify,1000,deny,manual,3250.00,3250.00,TRUE,,,,,,,,,,,,,,,,,,,,,,https://static.zara.net/assets/public/1d62/3114/7ba943db9de1/7b7f8ec326ff/01063402052-p/01063402052-p.jpg?ts=1712849861872&w=2048,,,,,,active
01063402,,,Zara,,shirts,MERGE,,TRUE,Color,White,Size,XXL,,,,,shopify,1000,deny,manual,3250.00,3250.00,TRUE,,,,,,,,,,,,,,,,,,,,,,https://static.zara.net/assets/public/93c9/11ff/fbb74a0a833c/9f0668a8fada/01063402250-p/01063402250-p.jpg?ts=1712849857940&w=2048,,,,,,active
01063402,,,Zara,,shirts,MERGE,,TRUE,Color,White,Size,S,,,,,shopify,1000,deny,manual,3250.00,3250.00,TRUE,,,,,,,,,,,,,,,,,,,,,,https://static.zara.net/assets/public/93c9/11ff/fbb74a0a833c/9f0668a8fada/01063402250-p/01063402250-p.jpg?ts=1712849857940&w=2048,,,,,,active
04048852,,,Zara,,shirts,MERGE,,TRUE,Color,Sky blue,Size,L,,,,,shopify,1000,deny,manual,4350.00,4350.00,TRUE,,,,,,,,,,,,,,,,,,,,,,https://static.zara.net/assets/public/6e40/7545/cb4c440196e7/ff9654ebe1bf/04048852403-p/04048852403-p.jpg?ts=1732878810469&w=2048,,,,,,active
06103401,,,Zara,,shirts,MERGE,,TRUE,Color,Dark grey,Size,XXL,,,,,shopify,1000,deny,manual,2950.00,2950.00,TRUE,,,,,,,,,,,,,,,,,,,,,,https://static.zara.net/assets/public/030f/43e5/c1f6435583a6/bfb12a0d33fb/06103401922-p/06103401922-p.jpg?ts=1727709419965&w=2048,,,,,,active
06103401,,,Zara,,shirts,MERGE,,TRUE,Color,Sky blue,Size,XXL,,,,,shopify,1000,deny,manual,2950.00,2950.00,TRUE,,,,,,,,,,,,,,,,,,,,,,https://static.zara.net/assets/public/edcb/7fba/b5e942c6968f/3d3e63d19759/06103401403-p/06103401403-p.jpg?ts=1711963893459&w=2048,,,,,,active
05637234,,,Zara,,shirts,MERGE,,TRUE,Color,Stripes,Size,M,,,,,shopify,1000,deny,manual,4350.00,4350.00,TRUE,,,,,,,,,,,,,,,,,,,,,,https://static.zara.net/assets/public/6ef7/461d/53c9416d89af/3d20194a4720/05637234105-p/05637234105-p.jpg?ts=1720081300936&w=2048,,,,,,active
07545338,,,Zara,,shirts,MERGE,,TRUE,Color,Black,Size,XL,,,,,shopify,1000,deny,manual,4950.00,4950.00,TRUE,,,,,,,,,,,,,,,,,,,,,,https://static.zara.net/assets/public/bb1b/1edd/7c084c0f96cf/7c39f176d479/07545338800-p/07545338800-p.jpg?ts=1731067559335&w=2048,,,,,,active
07545335,,,Zara,,shirts,MERGE,,TRUE,Color,Light green,Size,S,,,,,shopify,1000,deny,manual,3550.00,3550.00,TRUE,,,,,,,,,,,,,,,,,,,,,,https://static.zara.net/assets/public/78fb/51a6/d2e548f9854f/6425b046f322/07545335526-p/07545335526-p.jpg?ts=1725610107200&w=2048,,,,,,active
05639410,,,Zara,,shirts,MERGE,,TRUE,Color,Ecru,Size,M,,,,,shopify,1000,deny,manual,3550.00,3550.00,TRUE,,,,,,,,,,,,,,,,,,,,,,https://static.zara.net/assets/public/576f/19aa/b13a488b9e75/34b0066c7834/05639410712-p/05639410712-p.jpg?ts=1725548905539&w=2048,,,,,,active
05639410,,,Zara,,shirts,MERGE,,TRUE,Color,Green / Ecru,Size,S,,,,,shopify,1000,deny,manual,3550.00,3550.00,TRUE,,,,,,,,,,,,,,,,,,,,,,https://static.zara.net/assets/public/78d3/17e6/a68f48b8ad9f/1e4db87e0060/05639410098-p/05639410098-p.jpg?ts=1725548910191&w=2048,,,,,,active
05638410,,,Zara,,shirts,MERGE,,TRUE,Color,Ecru / Beige,Size,L,,,,,shopify,1000,deny,manual,3550.00,3550.00,TRUE,,,,,,,,,,,,,,,,,,,,,,https://static.zara.net/assets/public/321a/1318/f87c4e71aa2b/a4e0d28fb051/05638410075-p/05638410075-p.jpg?ts=1725548934304&w=2048,,,,,,active
06987340,,,Zara,,shirts,MERGE,,TRUE,Color,Mid-blue,Size,XXL,,,,,shopify,1000,deny,manual,3550.00,3550.00,TRUE,,,,,,,,,,,,,,,,,,,,,,https://static.zara.net/assets/public/fec5/d74d/1287433ca149/add6fb012331/06987341427-p/06987341427-p.jpg?ts=1727853814375&w=2048,,,,,,active
06987340,,,Zara,,shirts,MERGE,,TRUE,Color,Khaki,Size,XXL,,,,,shopify,1000,deny,manual,3550.00,3550.00,TRUE,,,,,,,,,,,,,,,,,,,,,,https://static.zara.net/assets/public/7591/736f/65c047a8b9c1/c78b004c64e6/06987340505-e1/06987340505-e1.jpg?ts=1727338104060&w=2048,,,,,,active
06987340,,,Zara,,shirts,MERGE,,TRUE,Color,Black,Size,XXL,,,,,shopify,1000,deny,manual,3550.00,3550.00,TRUE,,,,,,,,,,,,,,,,,,,,,,https://static.zara.net/assets/public/38b9/4478/09f44c4688cc/806b25f4dd5d/06987340800-e1/06987340800-e1.jpg?ts=1727338108372&w=2048,,,,,,active
04087340,,,Zara,,polo shirts,MERGE,,TRUE,Color,Green / Ecru,Size,XL,,,,,shopify,1000,deny,manual,2950.00,2950.00,TRUE,,,,,,,,,,,,,,,,,,,,,,https://static.zara.net/assets/public/4179/c7df/56fa43d4a207/477496f4ea95/04087340098-p/04087340098-p.jpg?ts=1724241058571&w=2048,,,,,,active
00526410,,,Zara,,polo shirts,MERGE,,TRUE,Color,Oyster-white,Size,XL,,,,,shopify,1000,deny,manual,2250.00,2250.00,TRUE,,,,,,,,,,,,,,,,,,,,,,https://static.zara.net/assets/public/c8af/477f/5f564ddda409/9735480e480a/00526410251-p/00526410251-p.jpg?ts=1727187467726&w=2048,,,,,,active
00526410,,,Zara,,polo shirts,MERGE,,TRUE,Color,Oyster-white,Size,XXL,,,,,shopify,1000,deny,manual,2250.00,2250.00,TRUE,,,,,,,,,,,,,,,,,,,,,,https://static.zara.net/assets/public/c8af/477f/5f564ddda409/9735480e480a/00526410251-p/00526410251-p.jpg?ts=1727187467726&w=2048,,,,,,active
00526410,,,Zara,,polo shirts,MERGE,,TRUE,Color,Black,Size,XXL,,,,,shopify,1000,deny,manual,2250.00,2250.00,TRUE,,,,,,,,,,,,,,,,,,,,,,https://static.zara.net/assets/public/4795/69a5/739644609ad6/734eb4be06d0/00526410800-p/00526410800-p.jpg?ts=1725565185021&w=2048,,,,,,active
01887460,,,Zara,,polo shirts,MERGE,,TRUE,Color,Navy blue,Size,S,,,,,shopify,1000,deny,manual,2250.00,2250.00,TRUE,,,,,,,,,,,,,,,,,,,,,,https://static.zara.net/assets/public/600b/5737/9e18419986fe/65bab0d04a1e/01887460401-p/01887460401-p.jpg?ts=1717517831558&w=2048,,,,,,active
